eoscanadacom, 1, 2.57, https://www.eoscanada.com
eosnewyorkio, 2, 2.50, https://bp.eosnewyork.io
starteosiobp, 3, 2.48, https://www.starteos.io
eoshuobipool, 4, 2.44, http://eoshuobipool.com
bitfinexeos1, 5, 2.33, https://www.bitfinex.com
libertyblock, 6, 2.29, https://monitor.libertyblock.io
eos42freedom, 7, 2.17, https://www.eos42.io
zbeosbp11111, 8, 2.14, http://www.zbeos.com
eosswedenorg, 9, 2.06, https://eossweden.se
eosauthority, 10, 1.98, https://eosauthority.com
eosisgravity, 11, 1.96, http://eosgravity.com
eosriobrazil, 12, 1.84, https://eosrio.io
eoslaomaocom, 13, 1.81, https://eoslaomao.com
eosdacserver, 14, 1.77, https://eosdac.io
helloeoscnbp, 15, 1.73, https://www.helloeos.com.cn
argentinaeos, 16, 1.73, https://www.eosargentina.io
eosbixinboot, 17, 1.73, http://en.eosbixin.com
teamgreymass, 18, 1.72, https://greymass.com
eosbeijingbp, 19, 1.69, https://www.eosbeijing.one
eosamsterdam, 20, 1.66, https://eosamsterdam.net
eosasia11111, 21, 1.64, https://www.eosasia.one
eosfishrocks, 22, 1.63, https://eos.fish
jedaaaaaaaaa, 23, 1.51, http://www.eosjapan.org
eoscleanerbp, 24, 1.48, https://eoscleaner.com
cryptolions1, 25, 1.45, https://CryptoLions.io
eostribeprod, 26, 1.42, https://eostribe.io
eoscafeblock, 27, 1.40, https://eoscafecalgary.com
eosgenblockp, 28, 1.37, https://www.genesis-mining.com/eos
eosliquideos, 29, 1.37, http://vote.liquideos.com
blocksmithio, 30, 1.34, https://eosblocksmith.io
eosnationftw, 31, 1.28, https://bp.eosnation.io
eosiomeetone, 32, 1.26, https://meet.one
eoscannonchn, 33, 1.25, https://eoscannon.io
cypherglasss, 34, 1.21, https://www.cypherglass.com
superoneiobp, 35, 1.18, https://eos.live
aus1genereos, 36, 1.17, https://www.genereos.io
eosdotwikibp, 37, 1.17, https://eos.wiki
eosyskoreabp, 38, 1.13, http://eosys.io
eosflytomars, 39, 1.11, http://www.bitmars.one
eosafricaone, 40, 1.05, https://bp.eosio.africa
eosantpoolbp, 41, 1.01, https://www.eosantpool.com
moreisfuture, 42, 1.00, https://more.top
eosdublinwow, 43, 0.99, https://www.eosdublin.com
tokenika4eos, 44, 0.98, https://tokenika.io
eosstorebest, 45, 0.93, http://www.eos.store
eostitanprod, 46, 0.91, https://eostitan.com
eosnairobike, 47, 0.87, https://www.eosnairobi.io
oraclegogogo, 48, 0.83, https://oraclechain.io
sheos21sheos, 49, 0.82, https://sheos.org
acroeos12345, 50, 0.79, http://www.acroeos.one
eosonoeosono, 51, 0.74, https://ono.chat
blockmatrix1, 52, 0.67, https://blockmatrix.network
eoseouldotio, 53, 0.66, https://www.eoseoul.io
eosphereiobp, 54, 0.65, https://www.eosphere.io
eospaceioeos, 55, 0.64, https://eospace.io
eosunion1111, 56, 0.64, http://eosunion.io/
eosecoeoseco, 57, 0.62, https://eoseco.com
eosnodeonebp, 58, 0.61, https://eosnodeone.io
eossv12eossv, 59, 0.59, https://eossiliconvalley.io
eosvenezuela, 60, 0.56, https://eosvenezuela.io
eoscandyone1, 61, 0.54, https://candy.one/
eosflareiobp, 62, 0.53, https://eosflare.io
atticlabeosb, 63, 0.53, https://atticlab.net
jrrcryptoeos, 64, 0.51, http://www.eosjrr.io/
eoswinwinwin, 65, 0.51, https://eos.win
hkeoshkeosbp, 66, 0.50, https://www.hkeos.com
greencapital, 67, 0.50, http://www.greencapital.com
strongmonkey, 68, 0.50, http://strongmonkey.com
eosmetaliobp, 69, 0.50, https://eosmetal.io
eoschaintech, 70, 0.50, http://eoschaintech.com
eossixparkbp, 71, 0.49, http://www.eossixparkbp.com
cochainworld, 72, 0.49, https://eoscochain.io
eoslambdacom, 73, 0.49, https://bridgepool.lambda.im
eosorangeeos, 74, 0.49, http://eosorangeeos.com
voldemorteos, 75, 0.49, http://voldemorteos.com
sheleaders21, 76, 0.48, https://www.sheleaders.one/
unlimitedeos, 77, 0.47, http://www.unlimitedeos.com
geosoneforbp, 78, 0.46, https://www.geos.one
eosteaeostea, 79, 0.46, https://eostea.io
eoscybexiobp, 80, 0.45, https://eos.cybex.io/
eosukblocpro, 81, 0.38, https://eosuk.io
qxeosqxeosbp, 82, 0.35, https://www.blockpin.net/eos
eosninetiess, 83, 0.35, http://www.eos90s.io/
alohaeosprod, 84, 0.31, https://www.alohaeos.com
eoshenzhenio, 85, 0.29, https://eoshenzhen.io
costaricaeos, 86, 0.29, https://eoscostarica.io
eoswenzhoubp, 87, 0.27, http://eoswz.com
eosvibesbloc, 88, 0.26, https://eosvibes.io
eosiodetroit, 89, 0.25, https://eosdetroit.io
bp2bp2bp2bp2, 90, 0.25, https://bpsquared.bp2.io
philippinebp, 91, 0.22, https://eosph.io
eosvietnambp, 92, 0.21, https://eosviet.io
eosmedinodes, 93, 0.19, http://eosmedi.com
bpacbpacbpac, 94, 0.18, https://bpac.io
bpkhmereoskh, 95, 0.18, https://eoskh.com
bitspacenode, 96, 0.15, https://eos.bitspace.no
eosmesodotio, 97, 0.15, https://eosmeso.io
eosadddddddd, 98, 0.15, http://eosadd.com
eosiosg11111, 99, 0.14, https://eosio.sg
eosgalaxybp1, 100, 0.14, http://www.eosgalaxy.io
eosholdings1, 101, 0.14, http://eos.holdings
eospacificbp, 102, 0.13, https://www.nodepacific.com/
blockgenicbp, 103, 0.12, http://blockgenic.io
keoskorea111, 104, 0.11, https://keos.kr
eossocalprod, 105, 0.11, https://eossocal.io
hexlantttttt, 106, 0.11, https://hexbp.com
eoswancloud1, 107, 0.11, https://eos.wancloud.cloud/bp.json
eosthushuimu, 108, 0.09, http://www.eosthu.com
eosbepalsafe, 109, 0.09, https://eos.bepal.io
eosgermanybp, 110, 0.09, https://eosgermany.one
eoslawyereos, 111, 0.08, https://eos.lawyer
buildteameos, 112, 0.08, https://buildteam.io/
dposclubprod, 113, 0.08, https://dpos.club/bp.json
saltblockeos, 114, 0.07, https://www.saltblock.io
eosbarcelona, 115, 0.07, http://eosbarcelona.com
okcapitalbp1, 116, 0.07, https://www.okex.com/eosbp/
privexinceos, 117, 0.07, https://bp.privex.io
dutcheosxxxx, 118, 0.07, https://dutcheos.io
eostark11111, 119, 0.06, www.eostark.com
1eostheworld, 120, 0.06, https://eostheworld.io
eosjapanclub, 121, 0.06, http://www.eosjapan.co.jp
emergepoland, 122, 0.06, https://eosemerge.io
123singapore, 123, 0.05, http://eos.vote
eospaygatebp, 124, 0.04, https://bp.eospay.host
eosvancouver, 125, 0.04, http://www.eosvan.io
eosnetworkio, 126, 0.04, http://www.eosnetwork.io
eosarabianet, 127, 0.04, http://eosarabia.net/
blockchained, 128, 0.03, https://eos.blckchnd.com
eosrussiacom, 129, 0.03, http://eos.adenso.ru
onechaindapp, 130, 0.03, http://eosdapp.oneeos.org/
ha4daobxg4ge, 131, 0.03, http://eos.medishares.org
eoswtzeoswtz, 132, 0.03, http://www.eoswtz.com/
eosamericas2, 133, 0.03, http://www.eosamericas.com
eosromania22, 134, 0.03, http://eos.romania22.com
eoszonrussia, 135, 0.03, http://eoszon.io
eoscube11111, 136, 0.02, http://eoscube.io/
stakedstaked, 137, 0.02, https://staked.us
eosrealbpcsg, 138, 0.02, http://www.eosreal.com
ivote4eosusa, 139, 0.02, http://keybase.pub/eosusa/bp.json
franceosysbp, 140, 0.02, https://www.franceos.fr
chainriftxxx, 141, 0.02, https://eos.chainrift.com
blockpro1eos, 142, 0.02, http://blockpro.one/
eosindiaiobp, 143, 0.02, https://eosindia.io/bp_info.json
chainclubeos, 144, 0.02, http://eosio.university/
eoslovebirds, 145, 0.02, http://eoslove.io/
top111111111, 146, 0.02, https://top.one/bp_info.json/
eosgamesboot, 147, 0.01, http://eos.games
nodeshanghai, 148, 0.01, https://fish.one
eosraychains, 149, 0.01, https://www.eosraychain.com
bpeosindexio, 150, 0.01, https://bp.eosindex.io
eoscocoshost, 151, 0.01, http://www.cocosbcx.io/
gy3dqnjtgyge, 152, 0.01, http://eosbattles.com
eosgreeniobp, 153, 0.01, https://eosgreen.io
bchainlabeos, 154, 0.01, https://blockchainlab.me
eosimperabpi, 155, 0.01, https://eosimpera.io
eosvillagebp, 156, 0.01, https://eosvillage.io
eosmotioneos, 157, 0.01, https://project.motion.one
eoslithuania, 158, 0.01, https://eosio.lt/
roelandp1eos, 159, 0.01, https://roelandp.nl/eos
eos121wallet, 160, 0.01, http://eos121dac.io/
blockeosioio, 161, 0.01, https://blockeos.io
spearfundoh1, 162, 0.01, http://spear.fund
daoeosbpbwin, 163, 0.01, http://www.daoeos.io
prospectors1, 164, 0.00, https://prospectors.io
disfundbpeos, 165, 0.00, https://alexbond.keybase.pub/eos_df_bp.json
germaneostop, 166, 0.00, http://www.germaneos.de
eosarmyioant, 167, 0.00, https://eosarmy.io
deneosioblck, 168, 0.00, https://deneos_io.keybase.pub/bp_info.json
switzerlanda, 169, 0.00, https://eosgeneva.io
activeeoscom, 170, 0.00, https://www.activeeos.com
eosmoonorgbp, 171, 0.00, http://eosmoon.org
eosdanhuausa, 172, 0.00, http://www.infinitystones.io/eos/bp_info.json
blockgenesys, 173, 0.00, https://www.blockgenesys.com
candyairdrop, 174, 0.00, 
eosworkspace, 175, 0.00, 
eosyosemitex, 176, 0.00, https://yosemitex.com
eosdailynews, 177, 0.00, 
eoshorizon11, 178, 0.00, https://eoshorizon.ca
eosbattlenet, 179, 0.00, 
eosworkshops, 180, 0.00, 
oasisproduce, 181, 0.00, http://eosoasis.io
eosblockzero, 182, 0.00, http://eosblockzero.com
eostrademark, 183, 0.00, 
eosrochester, 184, 0.00, 
minicooperbp, 185, 0.00, http://www.serviceuptime.net
eosfreemason, 186, 0.00, 
fengyuanchun, 187, 0.00, http://foc.shsoso.com:8888
eosstarcraft, 188, 0.00, 
eoschristian, 189, 0.00, 
eospowerball, 190, 0.00, 
eospromotion, 191, 0.00, 
eosprincipal, 192, 0.00, 
eoschaindata, 193, 0.00, 
eostimestamp, 194, 0.00, 
eosfreelance, 195, 0.00, 
eosnewzealbp, 196, 0.00, https://eosnewzealand.com/bp_info.json
foodtokeneos, 197, 0.00, https://foodtoken.io
eoscrowdsale, 198, 0.00, 
eosclockwise, 199, 0.00, 
g44tomzugqge, 200, 0.00, 
g44tsnrugyge, 201, 0.00, 
g44tomzugige, 202, 0.00, 
haydinzqhege, 203, 0.00, 
g44timjqguge, 204, 0.00, 
g44tinjxgyge, 205, 0.00, 
g44tkmbyg4ge, 206, 0.00, 
g44tomjxguge, 207, 0.00, 
g44tsnrwhege, 208, 0.00, 
haydiojzgage, 209, 0.00, 
haydinjygmge, 210, 0.00, 
haydiobvhage, 211, 0.00, 
haydiojrhage, 212, 0.00, 
haydiojvgage, 213, 0.00, 
haydiojwg4ge, 214, 0.00, 
haydiojwgqge, 215, 0.00, 
haydiojxgmge, 216, 0.00, 
haydiojzgege, 217, 0.00, 
haydiojzgqge, 218, 0.00, 
g44tomrygige, 219, 0.00, 
haydinztgqge, 220, 0.00, 
haydiobqgmge, 221, 0.00, 
haydiojxg4ge, 222, 0.00, 
haydiojxgige, 223, 0.00, 
haydiojxgqge, 224, 0.00, 
haydiojygege, 225, 0.00, 
haydiojzguge, 226, 0.00, 
eospalliumss, 227, 0.00, http://eospalliums.org
eosiomyanmar, 228, 0.00, http://moa.com.mm
eoshcchealth, 229, 0.00, https://eoshcc.keybase.pub
whateosbp111, 230, 0.00, http://www.whateos.com/BP_info.json/
eosmiamidade, 231, 0.00, http://eos.miami
taxreliefeos, 232, 0.00, https://eostaxrelief.com/bp_info.json
eosnigeriago, 233, 0.00, https://www.eos.ng
eosplaneprod, 234, 0.00, https://eosplane.top
eosorderbook, 235, 0.00, 
eosbutterfly, 236, 0.00, 
eoskathmandu, 237, 0.00, 
eosphorusdac, 238, 0.00, https://eosphorus.io
eossmartfund, 239, 0.00, 
eosdirectory, 240, 0.00, 
eosstarlight, 241, 0.00, 
eosastrology, 242, 0.00, 
eossafeguard, 243, 0.00, 
eosfutureldn, 244, 0.00, http://eosfuture.io/
eosdelivered, 245, 0.00, 
eosninecatbp, 246, 0.00, http://www.eos9cat.com
eossafevault, 247, 0.00, 
eoshandshake, 248, 0.00, 
eostexasserv, 249, 0.00, http://www.eostex.com
csxcommunity, 250, 0.00, https://www.csx.io
swedencornet, 251, 0.00, https://eossweden.eu
eoseafricabp, 252, 0.00, https://www.eoseafrica.io
eoscollegeus, 253, 0.00, http://eos.college
eosqiobpoops, 254, 0.00, https://eosq.io
kunablockprd, 255, 0.00, https://eos.kuna.io
eosmusicians, 256, 0.00, 
ha3dkojwguge, 257, 0.00, blockchainatcolumbia.com
cobowalletbp, 258, 0.00, https://cobo.com
eoswebnetbp1, 259, 0.00, https://eosweb.net/
bitcoingod11, 260, 0.00, https://eos.bitcoingod.org/
eosdevteambp, 261, 0.00, http://eosteam.org/
gqztenjzgege, 262, 0.00, https://steemit.com/@nadejde
cryptominers, 263, 0.00, http://www.test.com
exmotraderes, 264, 0.00, exmo.com
worldcupeos1, 265, 0.00, https://www.fifa.com/worldcup/
mixbytevaran, 266, 0.00, http://mixbytes.io
tigerchainbp, 267, 0.00, https://blove.one
1teamcanada1, 268, 0.00, http://can-play.ca
eoschainbmok, 269, 0.00, http://www.aibilink.com
nodextecheos, 270, 0.00, https://dexnode.net
bpnodecanada, 271, 0.00, https://bpnode.com/bp_info.json
welovecaohai, 272, 0.00, http://www.zran.org
nasdaqnasdaq, 273, 0.00, http://www.cybchain.com
pratothemoon, 274, 0.00, https://chain.pro/
blockcceosio, 275, 0.00, https://eos.block.cc/
onerootlleos, 276, 0.00, http://oneroot.io
tchaineospro, 277, 0.00, http://thetchain.com/eos
marketstackd, 278, 0.00, https://marketstack.keybase.pub/bp_info.json
eoslanddotca, 279, 0.00, http://www.eosland.ca
lamboandmoon, 280, 0.00, http://lamboandmoon.io
wizznetwork1, 281, 0.00, https://wizz.network/eos/
wakandabpeos, 282, 0.00, 
eoslegendpku, 283, 0.00, http://www.eoslegendpku.top
g44tomjvgyge, 284, 0.00, 
g44tomjxg4ge, 285, 0.00, 
g44tsnrvhege, 286, 0.00, 
g44tsnrwgage, 287, 0.00, 
haydinzxgyge, 288, 0.00, 
haydiojwhage, 289, 0.00, 
haydiojwhege, 290, 0.00, 
haydiojxgege, 291, 0.00, 
haydiojygage, 292, 0.00, 
haydiojzg4ge, 293, 0.00, 
haydiojzgyge, 294, 0.00, 
haydiojwgige, 295, 0.00, 
cryptokylin1, 296, 0.00, https://cryptokylin.io
haydkmbqgege, 297, 0.00, 
haydkmbqgmge, 298, 0.00, 
moesethhlove, 299, 0.00, 
myanmarcoins, 300, 0.00, 
bitcoineosfu, 301, 0.00, http://bitcoineos.fun
hezdenbsg4ge, 302, 0.00, https://google.com
ge4dqojvgmge, 303, 0.00, http://tortugomachines.com
gu2tembqgage, 304, 0.00, https://www.cardano.org
eoswondersbp, 305, 0.00, http://eoswonders.com/
eosxsinanode, 306, 0.00, https://eosxsina.com/
mixbytes1234, 307, 0.00, http://mixbytes.io
galapagotrip, 308, 0.00, http://steemit.com/@biteosdev
gqydmnbyguge, 309, 0.00, 
eosrussiaone, 310, 0.00, http://eosrussia.one/
guytmmrrgmge, 311, 0.00, http://157.238.216.101
haydiojqgige, 312, 0.00, 
g44tsnrwg4ge, 313, 0.00, 
haydimzzgqge, 314, 0.00, 
g44tomzugmge, 315, 0.00, 
btctothemoon, 316, 0.00, 
haydinbrgage, 317, 0.00, 
g44tomrxhege, 318, 0.00, 
divinerapier, 319, 0.00, http://www.divinerapier.com
haydiojyguge, 320, 0.00, 
g44timjvgage, 321, 0.00, 
haydinrqgege, 322, 0.00, 
haydiojwgege, 323, 0.00, 
haydiojxgyge, 324, 0.00, 
haydiojzhege, 325, 0.00, 
haydinbzgyge, 326, 0.00, 
haydinjsgage, 327, 0.00, 
haydinjtgege, 328, 0.00, 
haydinjug4ge, 329, 0.00, 
haydinjtg4ge, 330, 0.00, 
haydiojygyge, 331, 0.00, 
haydkmbqgige, 332, 0.00, 
forcetestnet, 333, 0.00, 
heydomzrgege, 334, 0.00, http://www.maneullab.com
starshipgene, 335, 0.00, 
halo4develop, 336, 0.00, https://halowallet.io
iamtheeosabp, 337, 0.00, 
haydinjvg4ge, 338, 0.00, 
haydinbtgage, 339, 0.00, 
haydinjtgige, 340, 0.00, 
haydinjqgige, 341, 0.00, 
g44tsnrwgyge, 342, 0.00, 
haydinzugige, 343, 0.00, 
haydkmbqgage, 344, 0.00, 
haydinzrgmge, 345, 0.00, 
haydinzsguge, 346, 0.00, 
g44tomrygege, 347, 0.00, 
eosiomaxgreg, 348, 0.00, /
haydiobyguge, 349, 0.00, 
eosvipvipvip, 350, 0.00, http://www.eosvip.io
haydinrugege, 351, 0.00, 
haydiojugige, 352, 0.00, 
haydiojygige, 353, 0.00, 
g44tomrygmge, 354, 0.00, 
haydinjxgige, 355, 0.00, 
haydinzwguge, 356, 0.00, 
haydiobtg4ge, 357, 0.00, 
haydiobxgyge, 358, 0.00, 
haydiojwgmge, 359, 0.00, 
haydiojwguge, 360, 0.00, 
haydiojwgyge, 361, 0.00, 
haydiojxgage, 362, 0.00, 
haydiojxguge, 363, 0.00, 
haydiojygqge, 364, 0.00, 
haydiojzgige, 365, 0.00, 
haydiojzhage, 366, 0.00, 
g44tsnrugege, 367, 0.00, 
gu3dambwgyge, 368, 0.00, 
haydinjxhage, 369, 0.00, 
haydiobwguge, 370, 0.00, 
kunakunakuna, 371, 0.00, 
haydiojqg4ge, 372, 0.00, 
eosdlbpservr, 373, 0.00, 
accproxsomes, 374, 0.00, Malta
mifuyxxqwx21, 375, 0.00, 
spacelan2333, 376, 0.00, 
haydiojxhage, 377, 0.00, 
haydinjqgyge, 378, 0.00, 
